month,txns,sum_amount,avg_amount,active_users,fraud_count,fraud_rate
2013-01-01,137144,5867145.890000001,42.78091560695327,1455,0,0.0
2013-02-01,125540,5419053.010000001,43.16594718814719,1461,41,0.0327
2013-03-01,139859,6000191.550000003,42.90171923151173,1461,55,0.0393
2013-04-01,134925,5882866.240000002,43.60100974615528,1465,0,0.0
2013-05-01,140146,6068919.780000001,43.304266836013866,1469,0,0.0
2013-06-01,136457,5959994.66,43.676723509970174,1467,0,0.0
2013-07-01,141391,6156867.4399999995,43.54497414969836,1469,114,0.0806
2013-08-01,141217,6056971.439999999,42.89123434147449,1470,351,0.2486
2013-09-01,136426,5873594.959999997,43.05333997918285,1472,400,0.2932
2013-10-01,140486,6103524.619999999,43.44578548752188,1470,433,0.3082
2013-11-01,136137,5872661.930000002,43.13788264762702,1470,281,0.2064
2013-12-01,141189,6088889.310000002,43.12580519728874,1472,343,0.2429
2014-01-01,141847,6107462.7,43.05669277460926,1476,313,0.2207
2014-02-01,128101,5583581.379999996,43.58733639862295,1478,274,0.2139
2014-03-01,141642,6113728.239999999,43.163244235466905,1477,358,0.2527
2014-04-01,136518,5927878.149999999,43.42195278278322,1478,107,0.0784
2014-05-01,141021,6039076.240000002,42.82394990816969,1479,0,0.0
2014-06-01,137648,5955883.080000001,43.268940195280734,1483,0,0.0
2014-07-01,141464,6084224.919999998,43.008998190352315,1481,0,0.0
2014-08-01,142829,6196362.61,43.383084737693316,1483,0,0.0
2014-09-01,138146,5887657.69,42.619096390775,1485,0,0.0
2014-10-01,141364,6138202.929999998,43.421259514445,1486,0,0.0
2014-11-01,138288,5942898.02,42.97479188360522,1488,0,0.0
2014-12-01,143475,6141931.329999998,42.80837309635826,1489,0,0.0
2015-01-01,143002,6103377.680000002,42.68036586900884,1491,0,0.0
2015-02-01,129109,5597435.95,43.354343616634004,1494,0,0.0
2015-03-01,144297,6238460.600000001,43.2334740153988,1495,15,0.0104
2015-04-01,139027,6031137.570000001,43.38105238550784,1497,349,0.251
2015-05-01,144288,6240863.14,43.25282171767574,1499,283,0.1961
2015-06-01,140534,6074974.589999997,43.227792491496714,1500,271,0.1928
2015-07-01,145189,6248235.809999999,43.0351873075784,1500,416,0.2865
2015-08-01,144993,6193437.35,42.71542315835937,1501,358,0.2469
2015-09-01,140114,6039763.730000002,43.10606884394138,1504,277,0.1977
2015-10-01,144104,6202128.119999997,43.0392502636984,1502,317,0.22
2015-11-01,140387,5946976.479999999,42.3613046792082,1502,353,0.2514
2015-12-01,146327,6257210.999999996,42.76183479467222,1504,642,0.4387
2016-01-01,145038,6252993.48,43.112794440077764,1506,459,0.3165
2016-02-01,131055,5697803.62,43.47643065888365,1502,285,0.2175
2016-03-01,144685,6231531.599999999,43.069645091059876,1502,319,0.2205
2016-04-01,139128,5979442.04,42.97799177735612,1503,312,0.2243
2016-05-01,145431,6200092.03,42.632533847666586,1507,327,0.2248
2016-06-01,141530,6159532.099999995,43.521035116229775,1504,264,0.1865
2016-07-01,145180,6286510.2,43.30148918583826,1507,264,0.1818
2016-08-01,145353,6252353.349999999,43.01495909957137,1507,316,0.2174
2016-09-01,140056,6043046.759999999,43.14736076997775,1507,322,0.2299
2016-10-01,145162,6231337.859999999,42.926784282387935,1507,231,0.1591
2016-11-01,141364,6080785.409999998,43.01509160748138,1507,306,0.2165
2016-12-01,144942,6199520.56,42.772423176166996,1508,174,0.12
2017-01-01,145660,6184048.280000001,42.45536372374022,1508,0,0.0
2017-02-01,131865,5690269.910000002,43.15223834982748,1509,0,0.0
2017-03-01,145754,6275748.040000001,43.05712392112737,1511,0,0.0
2017-04-01,141815,6071913.499999998,42.81573528893276,1512,0,0.0
2017-05-01,146541,6316865.340000002,43.10647081704096,1516,0,0.0
2017-06-01,142631,6158128.499999998,43.175245914282335,1517,0,0.0
2017-07-01,146659,6320397.879999995,43.09587464799294,1517,0,0.0
2017-08-01,146623,6222663.419999998,42.439886102453215,1515,0,0.0
2017-09-01,141863,6061143.329999996,42.72532887363163,1515,0,0.0
2017-10-01,145560,6243841.690000004,42.89531251717503,1514,0,0.0
2017-11-01,142150,6031314.090000001,42.42922328526203,1513,58,0.0408
2017-12-01,146239,6218293.78,42.521446262624885,1512,197,0.1347
2018-01-01,146357,6240813.279999999,42.64103035727708,1514,145,0.0991
2018-02-01,131276,5648763.76,43.02967610225783,1513,183,0.1394
2018-03-01,146272,6279671.33,42.931465557317836,1514,229,0.1566
2018-04-01,141688,6093073.450000003,43.0034544209813,1514,269,0.1899
2018-05-01,145438,6214825.870000002,42.731788597202915,1514,167,0.1148
2018-06-01,141827,6115479.429999999,43.11928920445328,1517,154,0.1086
2018-07-01,146638,6323931.96,43.12614711057159,1517,156,0.1064
2018-08-01,146983,6290991.720000003,42.8008117945613,1516,216,0.147
2018-09-01,141557,6061947.81,42.82337016184294,1517,262,0.1851
2018-10-01,145473,6251235.210000001,42.97179002289084,1521,181,0.1244
2018-11-01,141843,6090035.300000001,42.93504297004431,1520,300,0.2115
2018-12-01,146263,6210408.6000000015,42.46055803586692,1523,229,0.1566
2019-01-01,146097,6218588.439999997,42.5647921586343,1523,203,0.1389
2019-02-01,132102,5656372.050000001,42.81821660535041,1524,156,0.1181
2019-03-01,147202,6311712.779999999,42.87790097960626,1526,215,0.1461
2019-04-01,141409,6108335.509999998,43.196228740744914,1524,218,0.1542
2019-05-01,145648,6265965.230000001,43.021292637042734,1522,260,0.1785
2019-06-01,142399,6144114.09,43.14717160935121,1521,215,0.151
2019-07-01,146599,6233026.360000001,42.51752303903846,1519,156,0.1064
2019-08-01,147139,6240552.110000001,42.412630981588855,1520,247,0.1679
2019-09-01,141744,6004105.310000001,42.35879691556608,1518,142,0.1002
2019-10-01,145074,6178390.7,42.587856542178464,1519,275,0.1896
2019-11-01,141946,6096498.730000001,42.949422526876425,1544,0,0.0
2019-12-01,146579,6225277.3599999985,42.47045866051752,1545,0,0.0
